Portfolio,Avg Stock Covariance,Final Value ($)
Portfolio 1,0.045764,13923.42
Portfolio 2,0.046771,15962.4
Portfolio 3,0.06534,26389.66
Portfolio 4,0.095065,14091.94
Portfolio 5,0.078572,26299.81
Portfolio 6,0.050968,14894.09
Portfolio 7,0.052272,12852.15
Portfolio 8,0.055957,16262.76
Portfolio 9,0.08735,13099.44
Portfolio 10,0.070606,11418.5
